player_name,position,time,Total Completed Passes,Total Long Passes,Total Medium Passes,Total Short Passes,Total Goal Assists,Total Passes,Total Shot Assists,Total Crosses,Completed Passes per 90 min,Long Passes per 90 min,Medium Passes per 90 min,Goal Assists per 90 min,Short Passes per 90 min,Shot Assists per 90 min,Crosses per 90 min,Pass Success Rate,Total Ball Receipts,Total Lost Balls,Ball Receipts per 90 min,Lost Balls per 90 min,Total Own Goals,Total Clearances,Total Left Foot Clearances,Total Right Foot Clearances,Total Head Clearances,Total Other Clearances,Total Aerial Duels Won,Clearances per 90 min,Aerial Duels Won per 90 min,Total Interceptions,Interceptions per 90 min,Total Fouls Won,Total Penalties Won,Fouls Won per 90 min,Total Fouls Committed,Total Yellow Cards,Total Red Cards,Total Penalties Conceded,Fouls Committed per 90 min,Total Ball Recoveries,Ball Recoveries per 90 min,Total Blocks,Blocks per 90 min,Total Completed Dribbles,Dribble Success Rate,Completed Dribbles per 90 min,Total Dribbled Past,Dribbled Past per 90 min,Total Carries,Mean Distance Carries,Carries per 90 min,Total Duels,Total Duels Won,Duel Won Rate,Duels Won per 90 min,Total Shots,Total Goals,Total Shots Saved,Total Shots Blocked,Total Shots On the Post,Total Shots Off Target,Total Shots On Target,Goals per 90 min,Shots per 90 min,Shots on Target per 90 min,Shots On Target Rate,Goal Conversion Rate,Total Saves,Total Goals Conceded,Total Penalties Saved,Total Penalties Scored Against,Total Punches,Total Keeper Sweeper,Total Smothers,Total Collected,Saves per 90 min,Goals Conceded per 90 min,Goals Conceded Rate,Penalties Saved Rate,Punch per 90 min,Keeper Sweeper per 90 min,Smothers per 90 min,Collected per 90 min
Adalberto Peñaranda Maestre,Right Center Forward,46.93877551020408,44.89795918367347,37.755102040816325,50.0,43.87755102040816,65.3061224489796,38.775510204081634,31.63265306122449,62.244897959183675,22.448979591836736,38.775510204081634,51.02040816326531,69.38775510204081,22.448979591836736,22.448979591836736,69.38775510204081,67.3469387755102,40.816326530612244,55.10204081632652,10.204081632653061,77.55102040816327,53.06122448979592,18.367346938775512,19.387755102040817,79.59183673469387,6.122448979591836,47.95918367346938,15.306122448979592,18.367346938775512,15.306122448979592,69.38775510204081,63.26530612244898,67.3469387755102,73.46938775510205,82.6530612244898,4.081632653061225,98.9795918367347,50.0,52.04081632653062,6.122448979591836,60.204081632653065,71.42857142857143,95.91836734693877,97.95918367346938,91.83673469387756,75.51020408163265,95.91836734693877,37.755102040816325,40.816326530612244,63.26530612244898,97.95918367346938,73.46938775510205,69.38775510204081,89.79591836734694,87.75510204081633,91.83673469387756,17.346938775510203,36.734693877551024,6.122448979591836,34.69387755102041,19.387755102040817,29.591836734693878,16.3265306122449,30.612244897959183,6.122448979591836,4.081632653061225,18.367346938775512,83.6734693877551,51.02040816326531,51.02040816326531,51.02040816326531,51.02040816326531,51.02040816326531,51.02040816326531,51.02040816326531,51.02040816326531,51.02040816326531,51.02040816326531,51.02040816326531,51.02040816326531,51.02040816326531,51.02040816326531,51.02040816326531,51.02040816326531
Adrián López Álvarez,Left Center Forward,10.204081632653061,27.55102040816326,30.612244897959183,30.612244897959183,26.53061224489796,79.59183673469387,30.612244897959183,39.795918367346935,42.857142857142854,95.91836734693877,69.38775510204081,81.63265306122449,100.0,95.91836734693877,95.91836734693877,85.71428571428571,24.489795918367346,24.489795918367346,87.75510204081633,97.95918367346938,40.816326530612244,53.06122448979592,34.69387755102041,51.02040816326531,28.57142857142857,39.795918367346935,47.95918367346938,66.3265306122449,67.3469387755102,95.91836734693877,13.26530612244898,30.612244897959183,10.204081632653061,28.57142857142857,28.57142857142857,100.0,26.53061224489796,50.0,52.04081632653062,85.71428571428571,5.1020408163265305,16.3265306122449,14.285714285714285,67.3469387755102,18.367346938775512,12.244897959183673,48.97959183673469,92.85714285714286,73.46938775510205,30.612244897959183,71.42857142857143,93.87755102040816,2.0408163265306123,2.0408163265306123,4.081632653061225,4.081632653061225,2.0408163265306123,28.57142857142857,4.081632653061225,5.1020408163265305,19.387755102040817,2.0408163265306123,3.061224489795918,61.224489795918366,2.0408163265306123,6.122448979591836,95.91836734693877,100.0,51.02040816326531,51.02040816326531,51.02040816326531,51.02040816326531,51.02040816326531,51.02040816326531,51.02040816326531,51.02040816326531,51.02040816326531,51.02040816326531,51.02040816326531,51.02040816326531,51.02040816326531,51.02040816326531,51.02040816326531,51.02040816326531
Alberto Mateus Contreiras Gonçalves,Center Forward,20.408163265306122,12.244897959183673,11.224489795918368,18.367346938775512,12.244897959183673,29.591836734693878,14.285714285714285,17.346938775510203,19.387755102040817,18.367346938775512,16.3265306122449,30.612244897959183,36.734693877551024,16.3265306122449,32.6530612244898,34.69387755102041,16.3265306122449,8.16326530612245,91.83673469387756,4.081632653061225,91.83673469387756,53.06122448979592,83.6734693877551,51.02040816326531,51.02040816326531,91.83673469387756,47.95918367346938,100.0,100.0,100.0,45.91836734693878,79.59183673469387,22.448979591836736,28.57142857142857,42.857142857142854,78.57142857142857,43.87755102040816,50.0,52.04081632653062,51.02040816326531,21.428571428571427,36.734693877551024,22.448979591836736,46.93877551020408,7.142857142857142,40.816326530612244,12.244897959183673,80.61224489795919,65.3061224489796,8.16326530612245,30.612244897959183,2.0408163265306123,31.63265306122449,52.04081632653062,75.51020408163265,86.73469387755102,24.489795918367346,28.57142857142857,29.591836734693878,9.183673469387756,19.387755102040817,35.714285714285715,18.367346938775512,48.97959183673469,34.69387755102041,28.57142857142857,12.244897959183673,44.89795918367347,51.02040816326531,51.02040816326531,51.02040816326531,51.02040816326531,51.02040816326531,51.02040816326531,51.02040816326531,51.02040816326531,51.02040816326531,51.02040816326531,51.02040816326531,51.02040816326531,51.02040816326531,51.02040816326531,51.02040816326531,51.02040816326531
Antoine Griezmann,Left Center Forward,93.87755102040816,100.0,100.0,100.0,100.0,86.73469387755102,100.0,97.95918367346938,89.79591836734694,100.0,97.95918367346938,100.0,65.3061224489796,100.0,92.85714285714286,81.63265306122449,97.95918367346938,97.95918367346938,21.428571428571427,83.6734693877551,93.87755102040816,53.06122448979592,96.93877551020408,100.0,79.59183673469387,96.93877551020408,47.95918367346938,93.87755102040816,79.59183673469387,79.59183673469387,100.0,100.0,76.53061224489795,73.46938775510205,26.53061224489796,47.95918367346938,79.59183673469387,50.0,52.04081632653062,79.59183673469387,100.0,97.95918367346938,100.0,71.42857142857143,95.91836734693877,59.183673469387756,71.42857142857143,6.122448979591836,42.857142857142854,100.0,73.46938775510205,95.91836734693877,91.83673469387756,100.0,95.91836734693877,93.87755102040816,87.75510204081633,95.91836734693877,82.6530612244898,96.93877551020408,90.81632653061224,95.91836734693877,85.71428571428571,90.81632653061224,63.26530612244898,60.204081632653065,46.93877551020408,85.71428571428571,51.02040816326531,51.02040816326531,51.02040816326531,51.02040816326531,51.02040816326531,51.02040816326531,51.02040816326531,51.02040816326531,51.02040816326531,51.02040816326531,51.02040816326531,51.02040816326531,51.02040816326531,51.02040816326531,51.02040816326531,51.02040816326531
Aritz Aduriz Zubeldia,Center Forward,89.79591836734694,79.59183673469387,53.06122448979592,77.55102040816327,75.51020408163265,91.83673469387756,83.6734693877551,86.73469387755102,66.3265306122449,26.53061224489796,22.448979591836736,53.06122448979592,79.59183673469387,28.57142857142857,52.04081632653062,41.83673469387755,10.204081632653061,91.83673469387756,4.081632653061225,77.55102040816327,14.285714285714285,53.06122448979592,91.83673469387756,74.48979591836735,88.77551020408163,87.75510204081633,95.91836734693877,93.87755102040816,61.224489795918366,84.6938775510204,23.46938775510204,6.122448979591836,93.87755102040816,95.91836734693877,86.73469387755102,6.122448979591836,95.91836734693877,50.0,52.04081632653062,46.93877551020408,83.6734693877551,43.87755102040816,84.6938775510204,39.795918367346935,67.3469387755102,14.285714285714285,30.612244897959183,68.36734693877551,95.91836734693877,85.71428571428571,63.26530612244898,40.816326530612244,84.6938775510204,80.61224489795919,37.755102040816325,43.87755102040816,91.83673469387756,93.87755102040816,96.93877551020408,81.63265306122449,96.93877551020408,88.77551020408163,91.83673469387756,90.81632653061224,85.71428571428571,85.71428571428571,67.3469387755102,71.42857142857143,51.02040816326531,51.02040816326531,51.02040816326531,51.02040816326531,51.02040816326531,51.02040816326531,51.02040816326531,51.02040816326531,51.02040816326531,51.02040816326531,51.02040816326531,51.02040816326531,51.02040816326531,51.02040816326531,51.02040816326531,51.02040816326531
Arnaldo Antonio Sanabria Ayala,Center Forward,77.55102040816327,73.46938775510205,69.38775510204081,75.51020408163265,73.46938775510205,29.591836734693878,67.3469387755102,31.63265306122449,42.857142857142854,57.14285714285714,48.97959183673469,69.38775510204081,20.408163265306122,44.89795918367347,8.16326530612245,14.285714285714285,73.46938775510205,75.51020408163265,25.510204081632654,61.224489795918366,44.89795918367347,53.06122448979592,34.69387755102041,19.387755102040817,88.77551020408163,15.306122448979592,47.95918367346938,15.306122448979592,18.367346938775512,15.306122448979592,82.6530612244898,74.48979591836735,72.44897959183673,28.57142857142857,48.97959183673469,35.714285714285715,62.244897959183675,50.0,2.0408163265306123,57.14285714285714,81.63265306122449,77.55102040816327,90.81632653061224,75.51020408163265,78.57142857142857,46.93877551020408,53.06122448979592,37.755102040816325,63.26530612244898,77.55102040816327,87.75510204081633,61.224489795918366,97.95918367346938,30.612244897959183,6.122448979591836,14.285714285714285,61.224489795918366,68.36734693877551,33.6734693877551,51.02040816326531,93.87755102040816,62.244897959183675,58.16326530612245,57.14285714285714,22.448979591836736,30.612244897959183,30.612244897959183,73.46938775510205,51.02040816326531,51.02040816326531,51.02040816326531,51.02040816326531,51.02040816326531,51.02040816326531,51.02040816326531,51.02040816326531,51.02040816326531,51.02040816326531,51.02040816326531,51.02040816326531,51.02040816326531,51.02040816326531,51.02040816326531,51.02040816326531
Borja González Tomás,Center Forward,85.71428571428571,71.42857142857143,69.38775510204081,46.93877551020408,77.55102040816327,65.3061224489796,73.46938775510205,57.14285714285714,57.14285714285714,30.612244897959183,42.857142857142854,10.204081632653061,45.91836734693878,34.69387755102041,12.244897959183673,27.55102040816326,48.97959183673469,83.6734693877551,14.285714285714285,51.02040816326531,32.6530612244898,53.06122448979592,54.08163265306123,19.387755102040817,28.57142857142857,64.28571428571429,47.95918367346938,66.3265306122449,23.46938775510204,43.87755102040816,23.46938775510204,6.122448979591836,55.10204081632652,73.46938775510205,18.367346938775512,38.775510204081634,43.87755102040816,50.0,52.04081632653062,71.42857142857143,76.53061224489795,34.69387755102041,93.87755102040816,65.3061224489796,34.69387755102041,68.36734693877551,10.204081632653061,2.0408163265306123,8.16326530612245,66.3265306122449,28.57142857142857,10.204081632653061,95.91836734693877,59.183673469387756,23.46938775510204,28.57142857142857,89.79591836734694,89.79591836734694,87.75510204081633,96.93877551020408,51.02040816326531,95.91836734693877,87.75510204081633,87.75510204081633,91.83673469387756,89.79591836734694,57.14285714285714,61.224489795918366,51.02040816326531,51.02040816326531,51.02040816326531,51.02040816326531,51.02040816326531,51.02040816326531,51.02040816326531,51.02040816326531,51.02040816326531,51.02040816326531,51.02040816326531,51.02040816326531,51.02040816326531,51.02040816326531,51.02040816326531,51.02040816326531
Carlos Castro García,Center Forward,26.53061224489796,14.285714285714285,3.061224489795918,6.122448979591836,14.285714285714285,9.183673469387756,10.204081632653061,7.142857142857142,2.0408163265306123,16.3265306122449,3.061224489795918,4.081632653061225,9.183673469387756,26.53061224489796,4.081632653061225,2.0408163265306123,93.87755102040816,10.204081632653061,83.6734693877551,2.0408163265306123,81.63265306122449,53.06122448979592,25.510204081632654,74.48979591836735,8.16326530612245,31.63265306122449,47.95918367346938,43.87755102040816,33.6734693877551,58.16326530612245,13.26530612244898,18.367346938775512,36.734693877551024,73.46938775510205,64.28571428571429,96.93877551020408,26.53061224489796,50.0,52.04081632653062,87.75510204081633,28.57142857142857,46.93877551020408,9.183673469387756,20.408163265306122,21.428571428571427,30.612244897959183,36.734693877551024,68.36734693877551,48.97959183673469,21.428571428571427,51.02040816326531,34.69387755102041,31.63265306122449,8.16326530612245,12.244897959183673,12.244897959183673,24.489795918367346,51.02040816326531,17.346938775510203,61.224489795918366,76.53061224489795,4.081632653061225,36.734693877551024,85.71428571428571,29.591836734693878,63.26530612244898,100.0,93.87755102040816,51.02040816326531,51.02040816326531,51.02040816326531,51.02040816326531,51.02040816326531,51.02040816326531,51.02040816326531,51.02040816326531,51.02040816326531,51.02040816326531,51.02040816326531,51.02040816326531,51.02040816326531,51.02040816326531,51.02040816326531,51.02040816326531
Charles Días Barbosa de Oliveira,Left Center Forward,91.83673469387756,89.79591836734694,44.89795918367347,91.83673469387756,89.79591836734694,65.3061224489796,89.79591836734694,89.79591836734694,62.244897959183675,59.183673469387756,20.408163265306122,75.51020408163265,36.734693877551024,55.10204081632652,64.28571428571429,30.612244897959183,53.06122448979592,89.79591836734694,10.204081632653061,44.89795918367347,57.14285714285714,3.061224489795918,100.0,19.387755102040817,97.95918367346938,100.0,47.95918367346938,93.87755102040816,91.83673469387756,79.59183673469387,82.6530612244898,50.0,81.63265306122449,28.57142857142857,32.6530612244898,2.0408163265306123,92.85714285714286,50.0,52.04081632653062,44.89795918367347,79.59183673469387,26.53061224489796,84.6938775510204,32.6530612244898,34.69387755102041,68.36734693877551,6.122448979591836,4.081632653061225,20.408163265306122,81.63265306122449,20.408163265306122,20.408163265306122,87.75510204081633,84.6938775510204,42.857142857142854,40.816326530612244,85.71428571428571,73.46938775510205,91.83673469387756,91.83673469387756,76.53061224489795,68.36734693877551,89.79591836734694,46.93877551020408,55.10204081632652,67.3469387755102,87.75510204081633,40.816326530612244,51.02040816326531,51.02040816326531,51.02040816326531,51.02040816326531,51.02040816326531,51.02040816326531,51.02040816326531,51.02040816326531,51.02040816326531,51.02040816326531,51.02040816326531,51.02040816326531,51.02040816326531,51.02040816326531,51.02040816326531,51.02040816326531
Cédric Bakambu,Left Center Forward,57.14285714285714,61.224489795918366,61.224489795918366,41.83673469387755,67.3469387755102,65.3061224489796,59.183673469387756,39.795918367346935,79.59183673469387,51.02040816326531,51.02040816326531,14.285714285714285,59.183673469387756,59.183673469387756,20.408163265306122,83.6734693877551,55.10204081632652,61.224489795918366,42.857142857142854,63.26530612244898,46.93877551020408,53.06122448979592,18.367346938775512,74.48979591836735,51.02040816326531,6.122448979591836,47.95918367346938,15.306122448979592,10.204081632653061,15.306122448979592,60.204081632653065,46.93877551020408,58.16326530612245,28.57142857142857,52.04081632653062,10.204081632653061,79.59183673469387,50.0,52.04081632653062,16.3265306122449,54.08163265306123,40.816326530612244,61.224489795918366,57.14285714285714,67.3469387755102,65.3061224489796,61.224489795918366,9.183673469387756,6.122448979591836,66.3265306122449,61.224489795918366,67.3469387755102,57.14285714285714,52.04081632653062,40.816326530612244,36.734693877551024,58.16326530612245,73.46938775510205,61.224489795918366,51.02040816326531,19.387755102040817,58.16326530612245,55.10204081632652,82.6530612244898,42.857142857142854,44.89795918367347,40.816326530612244,88.77551020408163,51.02040816326531,51.02040816326531,51.02040816326531,51.02040816326531,51.02040816326531,51.02040816326531,51.02040816326531,51.02040816326531,51.02040816326531,51.02040816326531,51.02040816326531,51.02040816326531,51.02040816326531,51.02040816326531,51.02040816326531,51.02040816326531
Deyverson Brum Silva Acosta,Left Center Forward,73.46938775510205,59.183673469387756,30.612244897959183,71.42857142857143,59.183673469387756,29.591836734693878,69.38775510204081,67.3469387755102,75.51020408163265,24.489795918367346,18.367346938775512,46.93877551020408,20.408163265306122,24.489795918367346,48.97959183673469,63.26530612244898,2.0408163265306123,71.42857142857143,36.734693877551024,46.93877551020408,67.3469387755102,53.06122448979592,93.87755102040816,96.93877551020408,66.3265306122449,96.93877551020408,47.95918367346938,66.3265306122449,93.87755102040816,51.02040816326531,97.95918367346938,95.91836734693877,97.95918367346938,28.57142857142857,95.91836734693877,15.306122448979592,88.77551020408163,50.0,52.04081632653062,34.69387755102041,85.71428571428571,93.87755102040816,79.59183673469387,69.38775510204081,44.89795918367347,16.3265306122449,23.46938775510204,19.387755102040817,32.6530612244898,55.10204081632652,32.6530612244898,16.3265306122449,81.63265306122449,93.87755102040816,61.224489795918366,77.55102040816327,78.57142857142857,62.244897959183675,82.6530612244898,61.224489795918366,76.53061224489795,82.6530612244898,77.55102040816327,51.02040816326531,75.51020408163265,77.55102040816327,51.02040816326531,32.6530612244898,51.02040816326531,51.02040816326531,51.02040816326531,51.02040816326531,51.02040816326531,51.02040816326531,51.02040816326531,51.02040816326531,51.02040816326531,51.02040816326531,51.02040816326531,51.02040816326531,51.02040816326531,51.02040816326531,51.02040816326531,51.02040816326531
Duje Čop,Left Center Forward,65.3061224489796,75.51020408163265,53.06122448979592,68.36734693877551,79.59183673469387,65.3061224489796,81.63265306122449,52.04081632653062,82.6530612244898,79.59183673469387,45.91836734693878,48.97959183673469,54.08163265306123,85.71428571428571,24.489795918367346,77.55102040816327,34.69387755102041,69.38775510204081,51.02040816326531,53.06122448979592,85.71428571428571,53.06122448979592,25.510204081632654,51.02040816326531,28.57142857142857,31.63265306122449,47.95918367346938,15.306122448979592,13.26530612244898,15.306122448979592,93.87755102040816,89.79591836734694,36.734693877551024,28.57142857142857,12.244897959183673,47.95918367346938,26.53061224489796,50.0,52.04081632653062,61.224489795918366,70.40816326530613,59.183673469387756,65.3061224489796,62.244897959183675,40.816326530612244,4.081632653061225,23.46938775510204,22.448979591836736,32.6530612244898,71.42857142857143,24.489795918367346,63.26530612244898,67.3469387755102,65.3061224489796,59.183673469387756,54.08163265306123,58.16326530612245,51.02040816326531,75.51020408163265,14.285714285714285,19.387755102040817,54.08163265306123,58.16326530612245,36.734693877551024,26.53061224489796,32.6530612244898,59.183673469387756,42.857142857142854,51.02040816326531,51.02040816326531,51.02040816326531,51.02040816326531,51.02040816326531,51.02040816326531,51.02040816326531,51.02040816326531,51.02040816326531,51.02040816326531,51.02040816326531,51.02040816326531,51.02040816326531,51.02040816326531,51.02040816326531,51.02040816326531
Felipe Salvador Caicedo Corozo,Center Forward,71.42857142857143,65.3061224489796,44.89795918367347,68.36734693877551,64.28571428571429,9.183673469387756,61.224489795918366,46.93877551020408,42.857142857142854,32.6530612244898,27.55102040816326,38.775510204081634,9.183673469387756,32.6530612244898,16.3265306122449,18.367346938775512,81.63265306122449,63.26530612244898,38.775510204081634,16.3265306122449,71.42857142857143,53.06122448979592,62.244897959183675,74.48979591836735,8.16326530612245,72.44897959183673,47.95918367346938,97.95918367346938,43.87755102040816,97.95918367346938,60.204081632653065,37.755102040816325,65.3061224489796,73.46938775510205,46.93877551020408,12.244897959183673,79.59183673469387,50.0,52.04081632653062,26.53061224489796,42.857142857142854,6.122448979591836,67.3469387755102,59.183673469387756,89.79591836734694,63.26530612244898,87.75510204081633,46.93877551020408,71.42857142857143,61.224489795918366,81.63265306122449,36.734693877551024,84.6938775510204,80.61224489795919,37.755102040816325,61.224489795918366,47.95918367346938,57.14285714285714,40.816326530612244,25.510204081632654,19.387755102040817,47.95918367346938,46.93877551020408,43.87755102040816,16.3265306122449,16.3265306122449,37.755102040816325,59.183673469387756,51.02040816326531,51.02040816326531,51.02040816326531,51.02040816326531,51.02040816326531,51.02040816326531,51.02040816326531,51.02040816326531,51.02040816326531,51.02040816326531,51.02040816326531,51.02040816326531,51.02040816326531,51.02040816326531,51.02040816326531,51.02040816326531
Fernando José Torres Sanz,Center Forward,48.97959183673469,36.734693877551024,18.367346938775512,27.55102040816326,46.93877551020408,47.95918367346938,45.91836734693878,46.93877551020408,35.714285714285715,12.244897959183673,10.204081632653061,8.16326530612245,45.91836734693878,20.408163265306122,34.69387755102041,24.489795918367346,22.448979591836736,48.97959183673469,46.93877551020408,55.10204081632652,36.734693877551024,53.06122448979592,69.38775510204081,19.387755102040817,92.85714285714286,56.12244897959183,98.9795918367347,81.63265306122449,75.51020408163265,84.6938775510204,32.6530612244898,25.510204081632654,69.38775510204081,28.57142857142857,86.73469387755102,52.04081632653062,43.87755102040816,50.0,52.04081632653062,55.10204081632652,63.26530612244898,69.38775510204081,63.26530612244898,75.51020408163265,83.6734693877551,28.57142857142857,89.79591836734694,85.71428571428571,93.87755102040816,51.02040816326531,85.71428571428571,57.14285714285714,63.26530612244898,52.04081632653062,32.6530612244898,46.93877551020408,67.3469387755102,68.36734693877551,56.12244897959183,74.48979591836735,76.53061224489795,47.95918367346938,72.44897959183673,82.6530612244898,81.63265306122449,87.75510204081633,85.71428571428571,63.26530612244898,51.02040816326531,51.02040816326531,51.02040816326531,51.02040816326531,51.02040816326531,51.02040816326531,51.02040816326531,51.02040816326531,51.02040816326531,51.02040816326531,51.02040816326531,51.02040816326531,51.02040816326531,51.02040816326531,51.02040816326531,51.02040816326531
Fernando Llorente Torres,Center Forward,32.6530612244898,34.69387755102041,24.489795918367346,41.83673469387755,36.734693877551024,65.3061224489796,45.91836734693878,46.93877551020408,31.63265306122449,65.3061224489796,35.714285714285715,73.46938775510205,85.71428571428571,70.40816326530613,78.57142857142857,45.91836734693878,14.285714285714285,36.734693877551024,67.3469387755102,73.46938775510205,38.775510204081634,53.06122448979592,57.14285714285714,51.02040816326531,28.57142857142857,64.28571428571429,47.95918367346938,43.87755102040816,81.63265306122449,51.02040816326531,45.91836734693878,69.38775510204081,4.081632653061225,73.46938775510205,2.0408163265306123,42.857142857142854,62.244897959183675,50.0,52.04081632653062,14.285714285714285,18.367346938775512,14.285714285714285,22.448979591836736,28.57142857142857,21.428571428571427,40.816326530612244,27.55102040816326,73.46938775510205,68.36734693877551,14.285714285714285,6.122448979591836,6.122448979591836,46.93877551020408,44.89795918367347,46.93877551020408,64.28571428571429,34.69387755102041,28.57142857142857,48.97959183673469,9.183673469387756,19.387755102040817,38.775510204081634,32.6530612244898,38.775510204081634,44.89795918367347,34.69387755102041,22.448979591836736,36.734693877551024,51.02040816326531,51.02040816326531,51.02040816326531,51.02040816326531,51.02040816326531,51.02040816326531,51.02040816326531,51.02040816326531,51.02040816326531,51.02040816326531,51.02040816326531,51.02040816326531,51.02040816326531,51.02040816326531,51.02040816326531,51.02040816326531
Francisco Alcácer García,Center Forward,81.63265306122449,57.14285714285714,53.06122448979592,62.244897959183675,55.10204081632652,86.73469387755102,55.10204081632652,82.6530612244898,42.857142857142854,10.204081632653061,27.55102040816326,16.3265306122449,76.53061224489795,10.204081632653061,56.12244897959183,8.16326530612245,77.55102040816327,65.3061224489796,25.510204081632654,6.122448979591836,59.183673469387756,53.06122448979592,77.55102040816327,74.48979591836735,95.91836734693877,56.12244897959183,47.95918367346938,43.87755102040816,54.08163265306123,36.734693877551024,82.6530612244898,59.183673469387756,36.734693877551024,28.57142857142857,6.122448979591836,75.51020408163265,26.53061224489796,50.0,52.04081632653062,95.91836734693877,42.857142857142854,4.081632653061225,58.16326530612245,22.448979591836736,25.510204081632654,18.367346938775512,4.081632653061225,46.93877551020408,75.51020408163265,48.97959183673469,12.244897959183673,4.081632653061225,55.10204081632652,65.3061224489796,71.42857142857143,36.734693877551024,73.46938775510205,78.57142857142857,65.3061224489796,74.48979591836735,19.387755102040817,75.51020408163265,72.44897959183673,66.3265306122449,36.734693877551024,42.857142857142854,42.857142857142854,69.38775510204081,51.02040816326531,51.02040816326531,51.02040816326531,51.02040816326531,51.02040816326531,51.02040816326531,51.02040816326531,51.02040816326531,51.02040816326531,51.02040816326531,51.02040816326531,51.02040816326531,51.02040816326531,51.02040816326531,51.02040816326531,51.02040816326531
Gerard Moreno Balaguero,Center Forward,59.183673469387756,77.55102040816327,93.87755102040816,84.6938775510204,71.42857142857143,65.3061224489796,77.55102040816327,39.795918367346935,75.51020408163265,87.75510204081633,100.0,93.87755102040816,59.183673469387756,77.55102040816327,18.367346938775512,71.42857142857143,57.14285714285714,77.55102040816327,28.57142857142857,91.83673469387756,16.3265306122449,53.06122448979592,72.44897959183673,92.85714285714286,28.57142857142857,72.44897959183673,47.95918367346938,66.3265306122449,67.3469387755102,58.16326530612245,93.87755102040816,91.83673469387756,43.87755102040816,28.57142857142857,16.3265306122449,24.489795918367346,79.59183673469387,50.0,52.04081632653062,36.734693877551024,70.40816326530613,73.46938775510205,70.40816326530613,79.59183673469387,100.0,55.10204081632652,100.0,15.306122448979592,16.3265306122449,87.75510204081633,55.10204081632652,91.83673469387756,79.59183673469387,89.79591836734694,63.26530612244898,81.63265306122449,64.28571428571429,51.02040816326531,61.224489795918366,74.48979591836735,51.02040816326531,58.16326530612245,66.3265306122449,40.816326530612244,51.02040816326531,51.02040816326531,61.224489795918366,38.775510204081634,51.02040816326531,51.02040816326531,51.02040816326531,51.02040816326531,51.02040816326531,51.02040816326531,51.02040816326531,51.02040816326531,51.02040816326531,51.02040816326531,51.02040816326531,51.02040816326531,51.02040816326531,51.02040816326531,51.02040816326531,51.02040816326531
Giuseppe Rossi,Left Center Forward,30.612244897959183,41.83673469387755,77.55102040816327,58.16326530612245,30.612244897959183,47.95918367346938,28.57142857142857,67.3469387755102,15.306122448979592,75.51020408163265,91.83673469387756,87.75510204081633,65.3061224489796,61.224489795918366,97.95918367346938,11.224489795918368,100.0,22.448979591836736,89.79591836734694,14.285714285714285,95.91836734693877,53.06122448979592,41.83673469387755,96.93877551020408,8.16326530612245,23.46938775510204,47.95918367346938,43.87755102040816,46.93877551020408,51.02040816326531,45.91836734693878,69.38775510204081,26.53061224489796,28.57142857142857,40.816326530612244,92.85714285714286,9.183673469387756,50.0,52.04081632653062,83.6734693877551,51.02040816326531,95.91836734693877,45.91836734693878,85.71428571428571,81.63265306122449,77.55102040816327,97.95918367346938,62.244897959183675,46.93877551020408,38.775510204081634,53.06122448979592,87.75510204081633,15.306122448979592,30.612244897959183,78.57142857142857,48.97959183673469,39.795918367346935,43.87755102040816,48.97959183673469,61.224489795918366,51.02040816326531,18.367346938775512,40.816326530612244,63.26530612244898,57.14285714285714,75.51020408163265,89.79591836734694,55.10204081632652,51.02040816326531,51.02040816326531,51.02040816326531,51.02040816326531,51.02040816326531,51.02040816326531,51.02040816326531,51.02040816326531,51.02040816326531,51.02040816326531,51.02040816326531,51.02040816326531,51.02040816326531,51.02040816326531,51.02040816326531,51.02040816326531
Iago Aspas Juncal,Center Forward,87.75510204081633,95.91836734693877,97.95918367346938,95.91836734693877,95.91836734693877,86.73469387755102,93.87755102040816,93.87755102040816,91.83673469387756,93.87755102040816,95.91836734693877,96.93877551020408,72.44897959183673,91.83673469387756,89.79591836734694,89.79591836734694,89.79591836734694,85.71428571428571,16.3265306122449,69.38775510204081,73.46938775510205,53.06122448979592,41.83673469387755,74.48979591836735,28.57142857142857,39.795918367346935,47.95918367346938,15.306122448979592,18.367346938775512,15.306122448979592,88.77551020408163,63.26530612244898,79.59183673469387,95.91836734693877,44.89795918367347,29.591836734693878,62.244897959183675,50.0,52.04081632653062,66.3265306122449,90.81632653061224,79.59183673469387,76.53061224489795,36.734693877551024,85.71428571428571,48.97959183673469,57.14285714285714,19.387755102040817,53.06122448979592,93.87755102040816,79.59183673469387,85.71428571428571,71.42857142857143,70.40816326530613,51.02040816326531,36.734693877551024,83.6734693877551,81.63265306122449,75.51020408163265,81.63265306122449,96.93877551020408,88.77551020408163,83.6734693877551,66.3265306122449,67.3469387755102,57.14285714285714,32.6530612244898,51.02040816326531,51.02040816326531,51.02040816326531,51.02040816326531,51.02040816326531,51.02040816326531,51.02040816326531,51.02040816326531,51.02040816326531,51.02040816326531,51.02040816326531,51.02040816326531,51.02040816326531,51.02040816326531,51.02040816326531,51.02040816326531,51.02040816326531
Imanol Agirretxe Arruti,Center Forward,36.734693877551024,24.489795918367346,24.489795918367346,27.55102040816326,28.57142857142857,9.183673469387756,26.53061224489796,3.061224489795918,50.0,42.857142857142854,32.6530612244898,28.57142857142857,9.183673469387756,48.97959183673469,2.0408163265306123,65.3061224489796,44.89795918367347,30.612244897959183,77.55102040816327,38.775510204081634,79.59183673469387,53.06122448979592,47.95918367346938,19.387755102040817,66.3265306122449,48.97959183673469,47.95918367346938,43.87755102040816,59.183673469387756,51.02040816326531,23.46938775510204,34.69387755102041,48.97959183673469,28.57142857142857,72.44897959183673,96.93877551020408,9.183673469387756,50.0,52.04081632653062,92.85714285714286,21.428571428571427,20.408163265306122,9.183673469387756,14.285714285714285,7.142857142857142,2.0408163265306123,8.16326530612245,55.10204081632652,38.775510204081634,26.53061224489796,2.0408163265306123,24.489795918367346,34.69387755102041,4.081632653061225,2.0408163265306123,6.122448979591836,53.06122448979592,78.57142857142857,36.734693877551024,42.857142857142854,51.02040816326531,47.95918367346938,53.06122448979592,95.91836734693877,93.87755102040816,93.87755102040816,53.06122448979592,97.95918367346938,51.02040816326531,51.02040816326531,51.02040816326531,51.02040816326531,51.02040816326531,51.02040816326531,51.02040816326531,51.02040816326531,51.02040816326531,51.02040816326531,51.02040816326531,51.02040816326531,51.02040816326531,51.02040816326531,51.02040816326531,51.02040816326531
Jackson Arley Martínez Valencia,Left Center Forward,8.16326530612245,8.16326530612245,24.489795918367346,12.244897959183673,10.204081632653061,47.95918367346938,8.16326530612245,17.346938775510203,25.510204081632654,63.26530612244898,63.26530612244898,57.14285714285714,89.79591836734694,70.40816326530613,78.57142857142857,73.46938775510205,59.183673469387756,12.244897959183673,85.71428571428571,95.91836734693877,2.0408163265306123,53.06122448979592,25.510204081632654,51.02040816326531,28.57142857142857,31.63265306122449,47.95918367346938,43.87755102040816,71.42857142857143,73.46938775510205,13.26530612244898,44.89795918367347,17.346938775510203,28.57142857142857,76.53061224489795,68.36734693877551,9.183673469387756,50.0,52.04081632653062,10.204081632653061,10.204081632653061,48.97959183673469,30.612244897959183,93.87755102040816,25.510204081632654,87.75510204081633,81.63265306122449,80.61224489795919,26.53061224489796,10.204081632653061,67.3469387755102,69.38775510204081,8.16326530612245,8.16326530612245,26.53061224489796,26.53061224489796,28.57142857142857,18.367346938775512,29.591836734693878,61.224489795918366,19.387755102040817,24.489795918367346,30.612244897959183,30.612244897959183,95.91836734693877,95.91836734693877,69.38775510204081,15.306122448979592,51.02040816326531,51.02040816326531,51.02040816326531,51.02040816326531,51.02040816326531,51.02040816326531,51.02040816326531,51.02040816326531,51.02040816326531,51.02040816326531,51.02040816326531,51.02040816326531,51.02040816326531,51.02040816326531,51.02040816326531,51.02040816326531
Javier Guerra Rodríguez,Center Forward,69.38775510204081,81.63265306122449,83.6734693877551,65.3061224489796,81.63265306122449,9.183673469387756,75.51020408163265,82.6530612244898,53.06122448979592,77.55102040816327,75.51020408163265,40.816326530612244,9.183673469387756,82.6530612244898,74.48979591836735,36.734693877551024,63.26530612244898,79.59183673469387,21.428571428571427,81.63265306122449,22.448979591836736,53.06122448979592,47.95918367346938,51.02040816326531,51.02040816326531,48.97959183673469,47.95918367346938,43.87755102040816,23.46938775510204,36.734693877551024,60.204081632653065,37.755102040816325,89.79591836734694,73.46938775510205,91.83673469387756,22.448979591836736,92.85714285714286,50.0,52.04081632653062,48.97959183673469,54.08163265306123,30.612244897959183,84.6938775510204,81.63265306122449,58.16326530612245,32.6530612244898,44.89795918367347,62.244897959183675,82.6530612244898,73.46938775510205,46.93877551020408,65.3061224489796,89.79591836734694,89.79591836734694,44.89795918367347,70.40816326530613,75.51020408163265,73.46938775510205,69.38775510204081,91.83673469387756,51.02040816326531,82.6530612244898,75.51020408163265,76.53061224489795,83.6734693877551,79.59183673469387,44.89795918367347,48.97959183673469,51.02040816326531,51.02040816326531,51.02040816326531,51.02040816326531,51.02040816326531,51.02040816326531,51.02040816326531,51.02040816326531,51.02040816326531,51.02040816326531,51.02040816326531,51.02040816326531,51.02040816326531,51.02040816326531,51.02040816326531,51.02040816326531
John Guidetti,Center Forward,38.775510204081634,27.55102040816326,30.612244897959183,10.204081632653061,38.775510204081634,9.183673469387756,24.489795918367346,57.14285714285714,31.63265306122449,34.69387755102041,45.91836734693878,2.0408163265306123,9.183673469387756,46.93877551020408,81.63265306122449,38.775510204081634,69.38775510204081,34.69387755102041,63.26530612244898,26.53061224489796,51.02040816326531,53.06122448979592,9.183673469387756,51.02040816326531,8.16326530612245,15.306122448979592,47.95918367346938,43.87755102040816,8.16326530612245,43.87755102040816,45.91836734693878,57.14285714285714,51.02040816326531,95.91836734693877,79.59183673469387,52.04081632653062,43.87755102040816,50.0,52.04081632653062,30.612244897959183,38.775510204081634,61.224489795918366,40.816326530612244,50.0,40.816326530612244,73.46938775510205,55.10204081632652,55.10204081632652,44.89795918367347,28.57142857142857,18.367346938775512,30.612244897959183,36.734693877551024,44.89795918367347,48.97959183673469,59.183673469387756,39.795918367346935,51.02040816326531,48.97959183673469,51.02040816326531,76.53061224489795,9.183673469387756,46.93877551020408,71.42857142857143,39.795918367346935,72.44897959183673,97.95918367346938,75.51020408163265,51.02040816326531,51.02040816326531,51.02040816326531,51.02040816326531,51.02040816326531,51.02040816326531,51.02040816326531,51.02040816326531,51.02040816326531,51.02040816326531,51.02040816326531,51.02040816326531,51.02040816326531,51.02040816326531,51.02040816326531,51.02040816326531
Jonathan Javier Rodríguez Portillo,Center Forward,2.0408163265306123,2.0408163265306123,11.224489795918368,2.0408163265306123,2.0408163265306123,9.183673469387756,2.0408163265306123,3.061224489795918,5.1020408163265305,2.0408163265306123,35.714285714285715,6.122448979591836,9.183673469387756,4.081632653061225,6.122448979591836,22.448979591836736,28.57142857142857,2.0408163265306123,93.87755102040816,36.734693877551024,8.16326530612245,53.06122448979592,9.183673469387756,19.387755102040817,28.57142857142857,15.306122448979592,47.95918367346938,15.306122448979592,26.53061224489796,15.306122448979592,23.46938775510204,82.6530612244898,2.0408163265306123,28.57142857142857,4.081632653061225,85.71428571428571,26.53061224489796,50.0,52.04081632653062,18.367346938775512,5.1020408163265305,55.10204081632652,4.081632653061225,24.489795918367346,14.285714285714285,82.6530612244898,51.02040816326531,92.85714285714286,56.12244897959183,2.0408163265306123,100.0,32.6530612244898,4.081632653061225,25.510204081632654,89.79591836734694,89.79591836734694,10.204081632653061,5.1020408163265305,24.489795918367346,14.285714285714285,19.387755102040817,24.489795918367346,11.224489795918368,5.1020408163265305,75.51020408163265,55.10204081632652,16.3265306122449,5.1020408163265305,51.02040816326531,51.02040816326531,51.02040816326531,51.02040816326531,51.02040816326531,51.02040816326531,51.02040816326531,51.02040816326531,51.02040816326531,51.02040816326531,51.02040816326531,51.02040816326531,51.02040816326531,51.02040816326531,51.02040816326531,51.02040816326531
Jonathas Cristian de Jesus,Center Forward,44.89795918367347,38.775510204081634,53.06122448979592,38.775510204081634,40.816326530612244,47.95918367346938,34.69387755102041,39.795918367346935,57.14285714285714,20.408163265306122,54.08163265306123,24.489795918367346,51.02040816326531,18.367346938775512,29.591836734693878,61.224489795918366,51.02040816326531,46.93877551020408,44.89795918367347,57.14285714285714,26.53061224489796,53.06122448979592,66.3265306122449,19.387755102040817,28.57142857142857,84.6938775510204,47.95918367346938,66.3265306122449,73.46938775510205,68.36734693877551,69.38775510204081,69.38775510204081,63.26530612244898,28.57142857142857,68.36734693877551,29.591836734693878,79.59183673469387,50.0,52.04081632653062,24.489795918367346,32.6530612244898,12.244897959183673,70.40816326530613,90.81632653061224,78.57142857142857,51.02040816326531,83.6734693877551,25.510204081632654,14.285714285714285,36.734693877551024,34.69387755102041,42.857142857142854,59.183673469387756,75.51020408163265,81.63265306122449,77.55102040816327,69.38775510204081,51.02040816326531,75.51020408163265,51.02040816326531,51.02040816326531,75.51020408163265,66.3265306122449,54.08163265306123,89.79591836734694,81.63265306122449,28.57142857142857,28.57142857142857,51.02040816326531,51.02040816326531,51.02040816326531,51.02040816326531,51.02040816326531,51.02040816326531,51.02040816326531,51.02040816326531,51.02040816326531,51.02040816326531,51.02040816326531,51.02040816326531,51.02040816326531,51.02040816326531,51.02040816326531,51.02040816326531
Jorge Molina Vidal,Right Center Forward,14.285714285714285,18.367346938775512,18.367346938775512,15.306122448979592,20.408163265306122,29.591836734693878,20.408163265306122,17.346938775510203,10.204081632653061,53.06122448979592,27.55102040816326,20.408163265306122,45.91836734693878,65.3061224489796,39.795918367346935,11.224489795918368,6.122448979591836,16.3265306122449,81.63265306122449,67.3469387755102,48.97959183673469,53.06122448979592,18.367346938775512,19.387755102040817,28.57142857142857,31.63265306122449,47.95918367346938,43.87755102040816,30.612244897959183,62.244897959183675,5.1020408163265305,6.122448979591836,36.734693877551024,73.46938775510205,89.79591836734694,88.77551020408163,43.87755102040816,50.0,52.04081632653062,69.38775510204081,28.57142857142857,64.28571428571429,14.285714285714285,42.857142857142854,7.142857142857142,91.83673469387756,16.3265306122449,92.85714285714286,82.6530612244898,16.3265306122449,16.3265306122449,46.93877551020408,39.795918367346935,37.755102040816325,34.69387755102041,70.40816326530613,6.122448979591836,12.244897959183673,17.346938775510203,2.0408163265306123,19.387755102040817,18.367346938775512,3.061224489795918,12.244897959183673,8.16326530612245,2.0408163265306123,5.1020408163265305,15.306122448979592,51.02040816326531,51.02040816326531,51.02040816326531,51.02040816326531,51.02040816326531,51.02040816326531,51.02040816326531,51.02040816326531,51.02040816326531,51.02040816326531,51.02040816326531,51.02040816326531,51.02040816326531,51.02040816326531,51.02040816326531,51.02040816326531
Karim Benzema,Center Forward,61.224489795918366,83.6734693877551,69.38775510204081,84.6938775510204,83.6734693877551,86.73469387755102,79.59183673469387,91.83673469387756,87.75510204081633,89.79591836734694,58.16326530612245,89.79591836734694,83.6734693877551,93.87755102040816,92.85714285714286,93.87755102040816,91.83673469387756,67.3469387755102,61.224489795918366,59.183673469387756,97.95918367346938,53.06122448979592,59.183673469387756,19.387755102040817,79.59183673469387,60.204081632653065,47.95918367346938,43.87755102040816,43.87755102040816,36.734693877551024,45.91836734693878,30.612244897959183,46.93877551020408,73.46938775510205,20.408163265306122,82.6530612244898,26.53061224489796,50.0,52.04081632653062,92.85714285714286,60.204081632653065,38.775510204081634,35.714285714285715,7.142857142857142,75.51020408163265,53.06122448979592,63.26530612244898,100.0,100.0,83.6734693877551,59.183673469387756,83.6734693877551,15.306122448979592,30.612244897959183,78.57142857142857,20.408163265306122,94.89795918367348,97.95918367346938,89.79591836734694,87.75510204081633,51.02040816326531,95.91836734693877,93.87755102040816,97.95918367346938,100.0,100.0,63.26530612244898,88.77551020408163,51.02040816326531,51.02040816326531,51.02040816326531,51.02040816326531,51.02040816326531,51.02040816326531,51.02040816326531,51.02040816326531,51.02040816326531,51.02040816326531,51.02040816326531,51.02040816326531,51.02040816326531,51.02040816326531,51.02040816326531,51.02040816326531
Kevin Gameiro,Center Forward,67.3469387755102,53.06122448979592,11.224489795918368,58.16326530612245,53.06122448979592,65.3061224489796,53.06122448979592,75.51020408163265,75.51020408163265,14.285714285714285,6.122448979591836,26.53061224489796,54.08163265306123,12.244897959183673,61.224489795918366,67.3469387755102,65.3061224489796,55.10204081632652,32.6530612244898,12.244897959183673,42.857142857142854,53.06122448979592,54.08163265306123,87.75510204081633,51.02040816326531,48.97959183673469,47.95918367346938,43.87755102040816,28.57142857142857,36.734693877551024,88.77551020408163,86.73469387755102,29.591836734693878,73.46938775510205,10.204081632653061,88.77551020408163,26.53061224489796,50.0,52.04081632653062,100.0,73.46938775510205,67.3469387755102,42.857142857142854,18.367346938775512,55.10204081632652,22.448979591836736,38.775510204081634,37.755102040816325,59.183673469387756,57.14285714285714,91.83673469387756,28.57142857142857,50.0,59.183673469387756,68.36734693877551,43.87755102040816,81.63265306122449,84.6938775510204,85.71428571428571,74.48979591836735,19.387755102040817,68.36734693877551,81.63265306122449,93.87755102040816,87.75510204081633,91.83673469387756,81.63265306122449,79.59183673469387,51.02040816326531,51.02040816326531,51.02040816326531,51.02040816326531,51.02040816326531,51.02040816326531,51.02040816326531,51.02040816326531,51.02040816326531,51.02040816326531,51.02040816326531,51.02040816326531,51.02040816326531,51.02040816326531,51.02040816326531,51.02040816326531
Leonardo Carrilho Baptistão,Right Center Forward,40.816326530612244,32.6530612244898,69.38775510204081,32.6530612244898,34.69387755102041,29.591836734693878,40.816326530612244,12.244897959183673,85.71428571428571,46.93877551020408,79.59183673469387,44.89795918367347,28.57142857142857,40.816326530612244,10.204081632653061,97.95918367346938,18.367346938775512,44.89795918367347,59.183673469387756,85.71428571428571,28.57142857142857,53.06122448979592,66.3265306122449,51.02040816326531,51.02040816326531,72.44897959183673,47.95918367346938,81.63265306122449,89.79591836734694,93.87755102040816,23.46938775510204,25.510204081632654,76.53061224489795,73.46938775510205,97.95918367346938,68.36734693877551,9.183673469387756,50.0,52.04081632653062,59.183673469387756,46.93877551020408,75.51020408163265,53.06122448979592,87.75510204081633,52.04081632653062,20.408163265306122,75.51020408163265,37.755102040816325,10.204081632653061,53.06122448979592,93.87755102040816,89.79591836734694,43.87755102040816,52.04081632653062,53.06122448979592,64.28571428571429,36.734693877551024,23.46938775510204,17.346938775510203,25.510204081632654,90.81632653061224,54.08163265306123,27.55102040816326,20.408163265306122,32.6530612244898,20.408163265306122,8.16326530612245,24.489795918367346,51.02040816326531,51.02040816326531,51.02040816326531,51.02040816326531,51.02040816326531,51.02040816326531,51.02040816326531,51.02040816326531,51.02040816326531,51.02040816326531,51.02040816326531,51.02040816326531,51.02040816326531,51.02040816326531,51.02040816326531,51.02040816326531
Lucas Pérez Martínez,Center Forward,95.91836734693877,97.95918367346938,95.91836734693877,97.95918367346938,93.87755102040816,94.89795918367348,97.95918367346938,100.0,97.95918367346938,81.63265306122449,86.73469387755102,91.83673469387756,81.63265306122449,75.51020408163265,100.0,91.83673469387756,79.59183673469387,100.0,2.0408163265306123,87.75510204081633,4.081632653061225,53.06122448979592,3.061224489795918,19.387755102040817,8.16326530612245,15.306122448979592,47.95918367346938,43.87755102040816,2.0408163265306123,30.612244897959183,69.38775510204081,22.448979591836736,87.75510204081633,73.46938775510205,52.04081632653062,44.89795918367347,9.183673469387756,50.0,52.04081632653062,81.63265306122449,96.93877551020408,64.28571428571429,45.91836734693878,4.081632653061225,93.87755102040816,57.14285714285714,59.183673469387756,31.63265306122449,78.57142857142857,95.91836734693877,83.6734693877551,75.51020408163265,50.0,37.755102040816325,30.612244897959183,9.183673469387756,94.89795918367348,87.75510204081633,96.93877551020408,91.83673469387756,76.53061224489795,88.77551020408163,95.91836734693877,69.38775510204081,69.38775510204081,72.44897959183673,73.46938775510205,53.06122448979592,51.02040816326531,51.02040816326531,51.02040816326531,51.02040816326531,51.02040816326531,51.02040816326531,51.02040816326531,51.02040816326531,51.02040816326531,51.02040816326531,51.02040816326531,51.02040816326531,51.02040816326531,51.02040816326531,51.02040816326531,51.02040816326531
Luciano Vietto,Right Center Forward,16.3265306122449,48.97959183673469,37.755102040816325,24.489795918367346,51.02040816326531,65.3061224489796,36.734693877551024,23.46938775510204,50.0,97.95918367346938,66.3265306122449,60.204081632653065,92.85714285714286,97.95918367346938,52.04081632653062,75.51020408163265,95.91836734693877,38.775510204081634,69.38775510204081,100.0,12.244897959183673,53.06122448979592,3.061224489795918,19.387755102040817,28.57142857142857,6.122448979591836,47.95918367346938,15.306122448979592,6.122448979591836,15.306122448979592,32.6530612244898,63.26530612244898,29.591836734693878,28.57142857142857,72.44897959183673,92.85714285714286,62.244897959183675,50.0,52.04081632653062,76.53061224489795,34.69387755102041,89.79591836734694,22.448979591836736,53.06122448979592,52.04081632653062,85.71428571428571,91.83673469387756,31.63265306122449,2.0408163265306123,40.816326530612244,75.51020408163265,97.95918367346938,12.244897959183673,37.755102040816325,91.83673469387756,67.3469387755102,24.489795918367346,12.244897959183673,10.204081632653061,34.69387755102041,19.387755102040817,41.83673469387755,14.285714285714285,10.204081632653061,39.795918367346935,16.3265306122449,2.0408163265306123,10.204081632653061,51.02040816326531,51.02040816326531,51.02040816326531,51.02040816326531,51.02040816326531,51.02040816326531,51.02040816326531,51.02040816326531,51.02040816326531,51.02040816326531,51.02040816326531,51.02040816326531,51.02040816326531,51.02040816326531,51.02040816326531,51.02040816326531
Luis Alberto Suárez Díaz,Center Forward,97.95918367346938,91.83673469387756,91.83673469387756,93.87755102040816,91.83673469387756,100.0,91.83673469387756,95.91836734693877,100.0,71.42857142857143,73.46938775510205,85.71428571428571,97.95918367346938,63.26530612244898,84.6938775510204,95.91836734693877,75.51020408163265,95.91836734693877,6.122448979591836,71.42857142857143,53.06122448979592,53.06122448979592,83.6734693877551,51.02040816326531,92.85714285714286,72.44897959183673,47.95918367346938,81.63265306122449,36.734693877551024,51.02040816326531,45.91836734693878,14.285714285714285,100.0,95.91836734693877,76.53061224489795,29.591836734693878,62.244897959183675,50.0,52.04081632653062,76.53061224489795,93.87755102040816,57.14285714285714,58.16326530612245,10.204081632653061,97.95918367346938,10.204081632653061,77.55102040816327,15.306122448979592,61.224489795918366,97.95918367346938,14.285714285714285,79.59183673469387,19.387755102040817,75.51020408163265,100.0,30.612244897959183,100.0,100.0,100.0,85.71428571428571,100.0,100.0,100.0,100.0,97.95918367346938,97.95918367346938,55.10204081632652,95.91836734693877,51.02040816326531,51.02040816326531,51.02040816326531,51.02040816326531,51.02040816326531,51.02040816326531,51.02040816326531,51.02040816326531,51.02040816326531,51.02040816326531,51.02040816326531,51.02040816326531,51.02040816326531,51.02040816326531,51.02040816326531,51.02040816326531
Miguel Ángel Guerrero Martín,Center Forward,28.57142857142857,22.448979591836736,44.89795918367347,15.306122448979592,22.448979591836736,29.591836734693878,18.367346938775512,31.63265306122449,25.510204081632654,40.816326530612244,71.42857142857143,12.244897959183673,30.612244897959183,53.06122448979592,70.40816326530613,41.83673469387755,87.75510204081633,26.53061224489796,65.3061224489796,42.857142857142854,20.408163265306122,53.06122448979592,34.69387755102041,51.02040816326531,66.3265306122449,23.46938775510204,47.95918367346938,15.306122448979592,40.816326530612244,15.306122448979592,69.38775510204081,93.87755102040816,14.285714285714285,28.57142857142857,22.448979591836736,18.367346938775512,43.87755102040816,50.0,52.04081632653062,2.0408163265306123,16.3265306122449,8.16326530612245,14.285714285714285,26.53061224489796,47.95918367346938,95.91836734693877,79.59183673469387,55.10204081632652,24.489795918367346,18.367346938775512,69.38775510204081,12.244897959183673,39.795918367346935,65.3061224489796,85.71428571428571,95.91836734693877,17.346938775510203,18.367346938775512,24.489795918367346,25.510204081632654,19.387755102040817,18.367346938775512,22.448979591836736,16.3265306122449,18.367346938775512,24.489795918367346,65.3061224489796,22.448979591836736,51.02040816326531,51.02040816326531,51.02040816326531,51.02040816326531,51.02040816326531,51.02040816326531,51.02040816326531,51.02040816326531,51.02040816326531,51.02040816326531,51.02040816326531,51.02040816326531,51.02040816326531,51.02040816326531,51.02040816326531,51.02040816326531
Nabil Ghilas,Right Center Forward,24.489795918367346,10.204081632653061,11.224489795918368,21.428571428571427,8.16326530612245,29.591836734693878,12.244897959183673,23.46938775510204,25.510204081632654,8.16326530612245,13.26530612244898,36.734693877551024,36.734693877551024,8.16326530612245,44.89795918367347,45.91836734693878,8.16326530612245,20.408163265306122,71.42857142857143,48.97959183673469,18.367346938775512,53.06122448979592,47.95918367346938,19.387755102040817,79.59183673469387,39.795918367346935,47.95918367346938,66.3265306122449,67.3469387755102,88.77551020408163,45.91836734693878,77.55102040816327,7.142857142857142,28.57142857142857,8.16326530612245,63.26530612244898,26.53061224489796,50.0,52.04081632653062,40.816326530612244,14.285714285714285,10.204081632653061,30.612244897959183,55.10204081632652,47.95918367346938,34.69387755102041,85.71428571428571,62.244897959183675,32.6530612244898,21.428571428571427,89.79591836734694,38.775510204081634,22.448979591836736,16.3265306122449,23.46938775510204,22.448979591836736,13.26530612244898,5.1020408163265305,17.346938775510203,42.857142857142854,19.387755102040817,32.6530612244898,11.224489795918368,5.1020408163265305,20.408163265306122,10.204081632653061,10.204081632653061,5.1020408163265305,51.02040816326531,51.02040816326531,51.02040816326531,51.02040816326531,51.02040816326531,51.02040816326531,51.02040816326531,51.02040816326531,51.02040816326531,51.02040816326531,51.02040816326531,51.02040816326531,51.02040816326531,51.02040816326531,51.02040816326531,51.02040816326531
Nicolás Ladislao Fedor Flores,Center Forward,42.857142857142854,51.02040816326531,18.367346938775512,44.89795918367347,48.97959183673469,65.3061224489796,48.97959183673469,79.59183673469387,35.714285714285715,48.97959183673469,13.26530612244898,42.857142857142854,72.44897959183673,51.02040816326531,84.6938775510204,32.6530612244898,85.71428571428571,42.857142857142854,57.14285714285714,24.489795918367346,61.224489795918366,53.06122448979592,47.95918367346938,19.387755102040817,66.3265306122449,48.97959183673469,47.95918367346938,81.63265306122449,33.6734693877551,88.77551020408163,45.91836734693878,50.0,43.87755102040816,28.57142857142857,36.734693877551024,35.714285714285715,62.244897959183675,50.0,52.04081632653062,20.408163265306122,65.3061224489796,83.6734693877551,90.81632653061224,95.91836734693877,40.816326530612244,24.489795918367346,41.83673469387755,9.183673469387756,4.081632653061225,34.69387755102041,36.734693877551024,48.97959183673469,74.48979591836735,75.51020408163265,55.10204081632652,83.6734693877551,47.95918367346938,62.244897959183675,40.816326530612244,34.69387755102041,76.53061224489795,47.95918367346938,46.93877551020408,76.53061224489795,46.93877551020408,46.93877551020408,37.755102040816325,77.55102040816327,51.02040816326531,51.02040816326531,51.02040816326531,51.02040816326531,51.02040816326531,51.02040816326531,51.02040816326531,51.02040816326531,51.02040816326531,51.02040816326531,51.02040816326531,51.02040816326531,51.02040816326531,51.02040816326531,51.02040816326531,51.02040816326531
Nordin Amrabat,Right Center Forward,22.448979591836736,20.408163265306122,61.224489795918366,36.734693877551024,18.367346938775512,29.591836734693878,22.448979591836736,52.04081632653062,95.91836734693877,44.89795918367347,86.73469387755102,77.55102040816327,36.734693877551024,30.612244897959183,87.75510204081633,100.0,12.244897959183673,28.57142857142857,73.46938775510205,75.51020408163265,30.612244897959183,53.06122448979592,9.183673469387756,19.387755102040817,51.02040816326531,6.122448979591836,47.95918367346938,15.306122448979592,13.26530612244898,15.306122448979592,23.46938775510204,41.83673469387755,61.224489795918366,73.46938775510205,100.0,40.816326530612244,62.244897959183675,100.0,52.04081632653062,4.081632653061225,57.14285714285714,100.0,6.122448979591836,16.3265306122449,63.26530612244898,79.59183673469387,93.87755102040816,62.244897959183675,28.57142857142857,46.93877551020408,95.91836734693877,100.0,10.204081632653061,44.89795918367347,93.87755102040816,73.46938775510205,30.612244897959183,5.1020408163265305,33.6734693877551,61.224489795918366,19.387755102040817,35.714285714285715,27.55102040816326,5.1020408163265305,48.97959183673469,38.775510204081634,20.408163265306122,5.1020408163265305,51.02040816326531,51.02040816326531,51.02040816326531,51.02040816326531,51.02040816326531,51.02040816326531,51.02040816326531,51.02040816326531,51.02040816326531,51.02040816326531,51.02040816326531,51.02040816326531,51.02040816326531,51.02040816326531,51.02040816326531,51.02040816326531
Oriol Riera Magem,Right Center Forward,12.244897959183673,16.3265306122449,37.755102040816325,21.428571428571427,16.3265306122449,9.183673469387756,16.3265306122449,17.346938775510203,10.204081632653061,69.38775510204081,77.55102040816327,67.3469387755102,9.183673469387756,73.46938775510205,56.12244897959183,20.408163265306122,40.816326530612244,18.367346938775512,75.51020408163265,93.87755102040816,6.122448979591836,53.06122448979592,25.510204081632654,19.387755102040817,28.57142857142857,39.795918367346935,47.95918367346938,43.87755102040816,54.08163265306123,68.36734693877551,5.1020408163265305,10.204081632653061,24.489795918367346,28.57142857142857,64.28571428571429,71.42857142857143,62.244897959183675,50.0,52.04081632653062,22.448979591836736,10.204081632653061,22.448979591836736,22.448979591836736,75.51020408163265,14.285714285714285,82.6530612244898,27.55102040816326,80.61224489795919,51.02040816326531,12.244897959183673,22.448979591836736,53.06122448979592,24.489795918367346,16.3265306122449,20.408163265306122,32.6530612244898,20.408163265306122,18.367346938775512,10.204081632653061,34.69387755102041,76.53061224489795,29.591836734693878,22.448979591836736,23.46938775510204,59.183673469387756,48.97959183673469,24.489795918367346,20.408163265306122,51.02040816326531,51.02040816326531,51.02040816326531,51.02040816326531,51.02040816326531,51.02040816326531,51.02040816326531,51.02040816326531,51.02040816326531,51.02040816326531,51.02040816326531,51.02040816326531,51.02040816326531,51.02040816326531,51.02040816326531,51.02040816326531
Ricky van Wolfswinkel,Right Center Forward,4.081632653061225,6.122448979591836,6.122448979591836,4.081632653061225,6.122448979591836,47.95918367346938,6.122448979591836,7.142857142857142,15.306122448979592,36.734693877551024,8.16326530612245,18.367346938775512,92.85714285714286,42.857142857142854,14.285714285714285,57.14285714285714,42.857142857142854,6.122448979591836,100.0,18.367346938775512,75.51020408163265,53.06122448979592,34.69387755102041,51.02040816326531,8.16326530612245,48.97959183673469,47.95918367346938,15.306122448979592,87.75510204081633,15.306122448979592,45.91836734693878,97.95918367346938,12.244897959183673,28.57142857142857,59.183673469387756,73.46938775510205,26.53061224489796,50.0,52.04081632653062,12.244897959183673,2.0408163265306123,32.6530612244898,38.775510204081634,100.0,2.0408163265306123,100.0,14.285714285714285,80.61224489795919,22.448979591836736,4.081632653061225,38.775510204081634,18.367346938775512,19.387755102040817,16.3265306122449,28.57142857142857,54.08163265306123,8.16326530612245,12.244897959183673,10.204081632653061,5.1020408163265305,19.387755102040817,9.183673469387756,8.16326530612245,14.285714285714285,24.489795918367346,36.734693877551024,71.42857142857143,12.244897959183673,51.02040816326531,51.02040816326531,51.02040816326531,51.02040816326531,51.02040816326531,51.02040816326531,51.02040816326531,51.02040816326531,51.02040816326531,51.02040816326531,51.02040816326531,51.02040816326531,51.02040816326531,51.02040816326531,51.02040816326531,51.02040816326531
Roberto Soldado Rillo,Left Center Forward,75.51020408163265,85.71428571428571,81.63265306122449,87.75510204081633,85.71428571428571,97.95918367346938,85.71428571428571,61.224489795918366,70.40816326530613,85.71428571428571,66.3265306122449,83.6734693877551,95.91836734693877,82.6530612244898,29.591836734693878,59.183673469387756,26.53061224489796,81.63265306122449,34.69387755102041,79.59183673469387,69.38775510204081,3.061224489795918,96.93877551020408,92.85714285714286,100.0,79.59183673469387,47.95918367346938,15.306122448979592,95.91836734693877,15.306122448979592,93.87755102040816,86.73469387755102,95.91836734693877,73.46938775510205,93.87755102040816,15.306122448979592,98.9795918367347,50.0,52.04081632653062,38.775510204081634,67.3469387755102,43.87755102040816,73.46938775510205,62.244897959183675,61.224489795918366,40.816326530612244,41.83673469387755,12.244897959183673,18.367346938775512,89.79591836734694,8.16326530612245,77.55102040816327,63.26530612244898,70.40816326530613,73.46938775510205,51.02040816326531,44.89795918367347,36.734693877551024,67.3469387755102,19.387755102040817,76.53061224489795,41.83673469387755,46.93877551020408,18.367346938775512,14.285714285714285,12.244897959183673,48.97959183673469,30.612244897959183,51.02040816326531,51.02040816326531,51.02040816326531,51.02040816326531,51.02040816326531,51.02040816326531,51.02040816326531,51.02040816326531,51.02040816326531,51.02040816326531,51.02040816326531,51.02040816326531,51.02040816326531,51.02040816326531,51.02040816326531,51.02040816326531
Roger Martí Salvador,Center Forward,6.122448979591836,4.081632653061225,3.061224489795918,8.16326530612245,4.081632653061225,9.183673469387756,4.081632653061225,10.204081632653061,5.1020408163265305,4.081632653061225,3.061224489795918,33.6734693877551,9.183673469387756,2.0408163265306123,46.93877551020408,16.3265306122449,4.081632653061225,4.081632653061225,95.91836734693877,8.16326530612245,55.10204081632652,53.06122448979592,14.285714285714285,51.02040816326531,8.16326530612245,23.46938775510204,47.95918367346938,15.306122448979592,38.775510204081634,15.306122448979592,5.1020408163265305,12.244897959183673,7.142857142857142,28.57142857142857,34.69387755102041,63.26530612244898,43.87755102040816,50.0,52.04081632653062,8.16326530612245,10.204081632653061,51.02040816326531,2.0408163265306123,7.142857142857142,7.142857142857142,91.83673469387756,34.69387755102041,73.46938775510205,12.244897959183673,6.122448979591836,65.3061224489796,22.448979591836736,6.122448979591836,37.755102040816325,97.95918367346938,97.95918367346938,13.26530612244898,5.1020408163265305,48.97959183673469,14.285714285714285,51.02040816326531,13.26530612244898,22.448979591836736,5.1020408163265305,71.42857142857143,83.6734693877551,83.6734693877551,5.1020408163265305,51.02040816326531,51.02040816326531,51.02040816326531,51.02040816326531,51.02040816326531,51.02040816326531,51.02040816326531,51.02040816326531,51.02040816326531,51.02040816326531,51.02040816326531,51.02040816326531,51.02040816326531,51.02040816326531,51.02040816326531,51.02040816326531
Rubén Castro Martín,Center Forward,100.0,93.87755102040816,85.71428571428571,89.79591836734694,97.95918367346938,79.59183673469387,95.91836734693877,86.73469387755102,93.87755102040816,67.3469387755102,54.08163265306123,55.10204081632652,45.91836734693878,79.59183673469387,26.53061224489796,87.75510204081633,61.224489795918366,93.87755102040816,12.244897959183673,30.612244897959183,87.75510204081633,53.06122448979592,9.183673469387756,19.387755102040817,51.02040816326531,6.122448979591836,47.95918367346938,15.306122448979592,4.081632653061225,15.306122448979592,82.6530612244898,41.83673469387755,91.83673469387756,28.57142857142857,57.14285714285714,59.183673469387756,9.183673469387756,50.0,52.04081632653062,97.95918367346938,96.93877551020408,53.06122448979592,48.97959183673469,2.0408163265306123,67.3469387755102,26.53061224489796,20.408163265306122,42.857142857142854,87.75510204081633,91.83673469387756,48.97959183673469,55.10204081632652,43.87755102040816,8.16326530612245,8.16326530612245,2.0408163265306123,97.95918367346938,91.83673469387756,93.87755102040816,100.0,51.02040816326531,88.77551020408163,97.95918367346938,73.46938775510205,65.3061224489796,69.38775510204081,75.51020408163265,57.14285714285714,51.02040816326531,51.02040816326531,51.02040816326531,51.02040816326531,51.02040816326531,51.02040816326531,51.02040816326531,51.02040816326531,51.02040816326531,51.02040816326531,51.02040816326531,51.02040816326531,51.02040816326531,51.02040816326531,51.02040816326531,51.02040816326531
Sergio Enrich Ametller,Center Forward,79.59183673469387,87.75510204081633,61.224489795918366,80.61224489795919,87.75510204081633,94.89795918367348,87.75510204081633,75.51020408163265,66.3265306122449,83.6734693877551,40.816326530612244,71.42857142857143,87.75510204081633,87.75510204081633,39.795918367346935,51.02040816326531,38.775510204081634,87.75510204081633,8.16326530612245,89.79591836734694,10.204081632653061,53.06122448979592,77.55102040816327,74.48979591836735,66.3265306122449,79.59183673469387,47.95918367346938,81.63265306122449,57.14285714285714,68.36734693877551,60.204081632653065,30.612244897959183,85.71428571428571,95.91836734693877,82.6530612244898,8.16326530612245,62.244897959183675,50.0,52.04081632653062,28.57142857142857,90.81632653061224,85.71428571428571,97.95918367346938,83.6734693877551,58.16326530612245,40.816326530612244,32.6530612244898,25.510204081632654,56.12244897959183,79.59183673469387,26.53061224489796,51.02040816326531,100.0,97.95918367346938,57.14285714285714,100.0,51.02040816326531,62.244897959183675,56.12244897959183,42.857142857142854,19.387755102040817,24.489795918367346,62.244897959183675,43.87755102040816,12.244897959183673,26.53061224489796,93.87755102040816,67.3469387755102,51.02040816326531,51.02040816326531,51.02040816326531,51.02040816326531,51.02040816326531,51.02040816326531,51.02040816326531,51.02040816326531,51.02040816326531,51.02040816326531,51.02040816326531,51.02040816326531,51.02040816326531,51.02040816326531,51.02040816326531,51.02040816326531
Sergio Ezequiel Araújo,Center Forward,53.06122448979592,63.26530612244898,75.51020408163265,62.244897959183675,61.224489795918366,65.3061224489796,63.26530612244898,57.14285714285714,19.387755102040817,61.224489795918366,61.224489795918366,60.204081632653065,59.183673469387756,57.14285714285714,42.857142857142854,4.081632653061225,71.42857142857143,59.183673469387756,40.816326530612244,65.3061224489796,34.69387755102041,53.06122448979592,77.55102040816327,19.387755102040817,51.02040816326531,84.6938775510204,98.9795918367347,66.3265306122449,77.55102040816327,62.244897959183675,32.6530612244898,20.408163265306122,36.734693877551024,28.57142857142857,14.285714285714285,29.591836734693878,43.87755102040816,50.0,52.04081632653062,42.857142857142854,76.53061224489795,87.75510204081633,84.6938775510204,90.81632653061224,72.44897959183673,40.816326530612244,65.3061224489796,28.57142857142857,36.734693877551024,69.38775510204081,77.55102040816327,71.42857142857143,77.55102040816327,84.6938775510204,68.36734693877551,77.55102040816327,71.42857142857143,36.734693877551024,75.51020408163265,68.36734693877551,51.02040816326531,79.59183673469387,69.38775510204081,26.53061224489796,75.51020408163265,65.3061224489796,26.53061224489796,18.367346938775512,51.02040816326531,51.02040816326531,51.02040816326531,51.02040816326531,51.02040816326531,51.02040816326531,51.02040816326531,51.02040816326531,51.02040816326531,51.02040816326531,51.02040816326531,51.02040816326531,51.02040816326531,51.02040816326531,51.02040816326531,51.02040816326531
Stefan Šćepović,Center Forward,55.10204081632652,55.10204081632652,37.755102040816325,53.06122448979592,57.14285714285714,29.591836734693878,57.14285714285714,67.3469387755102,42.857142857142854,38.775510204081634,27.55102040816326,33.6734693877551,25.510204081632654,36.734693877551024,67.3469387755102,27.55102040816326,46.93877551020408,53.06122448979592,48.97959183673469,28.57142857142857,63.26530612244898,53.06122448979592,87.75510204081633,74.48979591836735,51.02040816326531,91.83673469387756,47.95918367346938,81.63265306122449,85.71428571428571,75.51020408163265,75.51020408163265,74.48979591836735,72.44897959183673,73.46938775510205,68.36734693877551,82.6530612244898,79.59183673469387,50.0,52.04081632653062,89.79591836734694,28.57142857142857,2.0408163265306123,53.06122448979592,39.795918367346935,14.285714285714285,8.16326530612245,2.0408163265306123,51.02040816326531,68.36734693877551,44.89795918367347,10.204081632653061,26.53061224489796,63.26530612244898,25.510204081632654,16.3265306122449,16.3265306122449,32.6530612244898,43.87755102040816,40.816326530612244,25.510204081632654,51.02040816326531,13.26530612244898,38.775510204081634,34.69387755102041,10.204081632653061,16.3265306122449,91.83673469387756,65.3061224489796,51.02040816326531,51.02040816326531,51.02040816326531,51.02040816326531,51.02040816326531,51.02040816326531,51.02040816326531,51.02040816326531,51.02040816326531,51.02040816326531,51.02040816326531,51.02040816326531,51.02040816326531,51.02040816326531,51.02040816326531,51.02040816326531
Víctor Casadesús Castaño,Left Center Forward,18.367346938775512,41.83673469387755,53.06122448979592,55.10204081632652,32.6530612244898,29.591836734693878,42.857142857142854,26.53061224489796,25.510204081632654,91.83673469387756,83.6734693877551,96.93877551020408,36.734693877551024,89.79591836734694,74.48979591836735,48.97959183673469,36.734693877551024,14.285714285714285,97.95918367346938,34.69387755102041,100.0,53.06122448979592,34.69387755102041,87.75510204081633,28.57142857142857,23.46938775510204,47.95918367346938,15.306122448979592,51.02040816326531,15.306122448979592,45.91836734693878,82.6530612244898,17.346938775510203,28.57142857142857,30.612244897959183,63.26530612244898,62.244897959183675,50.0,52.04081632653062,32.6530612244898,36.734693877551024,91.83673469387756,22.448979591836736,50.0,34.69387755102041,97.95918367346938,73.46938775510205,92.85714285714286,85.71428571428571,32.6530612244898,57.14285714285714,81.63265306122449,28.57142857142857,16.3265306122449,14.285714285714285,24.489795918367346,4.081632653061225,23.46938775510204,2.0408163265306123,19.387755102040817,51.02040816326531,6.122448979591836,6.122448979591836,30.612244897959183,4.081632653061225,8.16326530612245,78.57142857142857,91.83673469387756,51.02040816326531,51.02040816326531,51.02040816326531,51.02040816326531,51.02040816326531,51.02040816326531,51.02040816326531,51.02040816326531,51.02040816326531,51.02040816326531,51.02040816326531,51.02040816326531,51.02040816326531,51.02040816326531,51.02040816326531,51.02040816326531
Willian José da Silva,Center Forward,51.02040816326531,67.3469387755102,87.75510204081633,73.46938775510205,64.28571428571429,29.591836734693878,65.3061224489796,67.3469387755102,57.14285714285714,73.46938775510205,89.79591836734694,79.59183673469387,25.510204081632654,67.3469387755102,70.40816326530613,55.10204081632652,83.6734693877551,51.02040816326531,53.06122448979592,32.6530612244898,83.6734693877551,53.06122448979592,83.6734693877551,74.48979591836735,79.59183673469387,79.59183673469387,47.95918367346938,89.79591836734694,83.6734693877551,91.83673469387756,5.1020408163265305,2.0408163265306123,58.16326530612245,28.57142857142857,55.10204081632652,55.10204081632652,88.77551020408163,50.0,52.04081632653062,63.26530612244898,42.857142857142854,18.367346938775512,35.714285714285715,12.244897959183673,72.44897959183673,91.83673469387756,67.3469387755102,92.85714285714286,97.95918367346938,59.183673469387756,42.857142857142854,59.183673469387756,53.06122448979592,59.183673469387756,65.3061224489796,57.14285714285714,64.28571428571429,62.244897959183675,61.224489795918366,68.36734693877551,76.53061224489795,62.244897959183675,62.244897959183675,59.183673469387756,61.224489795918366,53.06122448979592,34.69387755102041,46.93877551020408,51.02040816326531,51.02040816326531,51.02040816326531,51.02040816326531,51.02040816326531,51.02040816326531,51.02040816326531,51.02040816326531,51.02040816326531,51.02040816326531,51.02040816326531,51.02040816326531,51.02040816326531,51.02040816326531,51.02040816326531,51.02040816326531
Youssef El-Arabi,Center Forward,83.6734693877551,69.38775510204081,89.79591836734694,80.61224489795919,69.38775510204081,29.591836734693878,71.42857142857143,75.51020408163265,70.40816326530613,28.57142857142857,81.63265306122449,65.3061224489796,20.408163265306122,14.285714285714285,36.734693877551024,53.06122448979592,30.612244897959183,73.46938775510205,18.367346938775512,20.408163265306122,65.3061224489796,53.06122448979592,89.79591836734694,74.48979591836735,79.59183673469387,91.83673469387756,47.95918367346938,81.63265306122449,63.26530612244898,68.36734693877551,77.55102040816327,55.10204081632652,83.6734693877551,73.46938775510205,61.224489795918366,20.408163265306122,9.183673469387756,50.0,52.04081632653062,53.06122448979592,87.75510204081633,81.63265306122449,76.53061224489795,44.89795918367347,87.75510204081633,71.42857142857143,69.38775510204081,46.93877551020408,78.57142857142857,75.51020408163265,44.89795918367347,44.89795918367347,93.87755102040816,95.91836734693877,83.6734693877551,86.73469387755102,78.57142857142857,84.6938775510204,75.51020408163265,81.63265306122449,76.53061224489795,68.36734693877551,79.59183673469387,79.59183673469387,53.06122448979592,60.204081632653065,78.57142857142857,81.63265306122449,51.02040816326531,51.02040816326531,51.02040816326531,51.02040816326531,51.02040816326531,51.02040816326531,51.02040816326531,51.02040816326531,51.02040816326531,51.02040816326531,51.02040816326531,51.02040816326531,51.02040816326531,51.02040816326531,51.02040816326531,51.02040816326531
Álvaro Negredo Sánchez,Center Forward,34.69387755102041,30.612244897959183,79.59183673469387,34.69387755102041,24.489795918367346,47.95918367346938,32.6530612244898,31.63265306122449,10.204081632653061,55.10204081632652,93.87755102040816,63.26530612244898,65.3061224489796,38.775510204081634,64.28571428571429,6.122448979591836,20.408163265306122,32.6530612244898,79.59183673469387,40.816326530612244,89.79591836734694,53.06122448979592,72.44897959183673,87.75510204081633,66.3265306122449,67.3469387755102,47.95918367346938,66.3265306122449,97.95918367346938,79.59183673469387,13.26530612244898,16.3265306122449,20.408163265306122,28.57142857142857,24.489795918367346,78.57142857142857,9.183673469387756,50.0,52.04081632653062,66.3265306122449,24.489795918367346,28.57142857142857,30.612244897959183,34.69387755102041,29.591836734693878,61.224489795918366,46.93877551020408,92.85714285714286,91.83673469387756,24.489795918367346,4.081632653061225,14.285714285714285,26.53061224489796,16.3265306122449,18.367346938775512,18.367346938775512,42.857142857142854,36.734693877551024,24.489795918367346,51.02040816326531,51.02040816326531,68.36734693877551,34.69387755102041,54.08163265306123,79.59183673469387,40.816326530612244,5.1020408163265305,34.69387755102041,51.02040816326531,51.02040816326531,51.02040816326531,51.02040816326531,51.02040816326531,51.02040816326531,51.02040816326531,51.02040816326531,51.02040816326531,51.02040816326531,51.02040816326531,51.02040816326531,51.02040816326531,51.02040816326531,51.02040816326531,51.02040816326531
Álvaro Vázquez García,Center Forward,63.26530612244898,46.93877551020408,69.38775510204081,50.0,43.87755102040816,79.59183673469387,51.02040816326531,67.3469387755102,82.6530612244898,6.122448979591836,58.16326530612245,22.448979591836736,76.53061224489795,6.122448979591836,59.183673469387756,79.59183673469387,32.6530612244898,57.14285714285714,30.612244897959183,22.448979591836736,24.489795918367346,53.06122448979592,62.244897959183675,51.02040816326531,79.59183673469387,60.204081632653065,47.95918367346938,43.87755102040816,48.97959183673469,36.734693877551024,69.38775510204081,53.06122448979592,53.06122448979592,73.46938775510205,38.775510204081634,57.14285714285714,79.59183673469387,50.0,52.04081632653062,73.46938775510205,48.97959183673469,24.489795918367346,53.06122448979592,30.612244897959183,29.591836734693878,6.122448979591836,18.367346938775512,73.46938775510205,89.79591836734694,42.857142857142854,40.816326530612244,8.16326530612245,74.48979591836735,22.448979591836736,10.204081632653061,9.183673469387756,55.10204081632652,36.734693877551024,48.97959183673469,34.69387755102041,76.53061224489795,75.51020408163265,46.93877551020408,23.46938775510204,29.591836734693878,22.448979591836736,14.285714285714285,26.53061224489796,51.02040816326531,51.02040816326531,51.02040816326531,51.02040816326531,51.02040816326531,51.02040816326531,51.02040816326531,51.02040816326531,51.02040816326531,51.02040816326531,51.02040816326531,51.02040816326531,51.02040816326531,51.02040816326531,51.02040816326531,51.02040816326531
